Scenario,Revenue_2028,EBITDA_2028,NetIncome_2028,CFO_2028,Cash_2028,TotalDebt_2028,OverallDiagnosticStatus
base,129562227982.87498,46642402073.83499,16011312072.714203,37071878386.8976,16006380061.447784,118648960152.27588,PASS
custom,129562227982.87498,46642402073.83499,16011312072.714203,37071878386.8976,16006380061.447784,118648960152.27588,PASS
downside,111282079970.375,38726163829.6905,11408891834.691677,28047274537.10023,16780552591.021461,129716209384.02611,PASS
energy_cost_strain,129562227982.87498,44310281970.14324,13920408299.848347,34984788293.14575,19381824098.123394,125482852728.80508,PASS
interest_rate_strain,129562227982.87498,46383277617.86924,13796915742.858524,34857482057.041916,22810006605.48382,129716990825.9094,PASS
upside,149744317545.375,55405397491.78875,20921201550.8366,47083845420.63008,15090374747.509972,106680487899.46217,PASS
